IDPLAYER,PLAYERNAME,FIRSTNAME,LASTNAME,TEAM,POS,ESPNID,ESPNNAME,THROWS
aardsda01,David Aardsma,David,Aardsma,N/A,P,5933,David Aardsma,R
abadfe01,Fernando Abad,Fernando,Abad,BOS,P,30417,Fernando Abad,L
abreual01,Albert Abreu,Albert,Abreu,NYY,P,,,R
accarje01,Jeremy Accardo,Jeremy,Accardo,N/A,P,6262,Jeremy Accardo,R
aceveal01,Alfredo Aceves,Alfredo,Aceves,N/A,P,29223,Alfredo Aceves,R
adamsmi03,Mike Adams,Mike,Adams,N/A,P,5969,Mike Adams,R
adlemti01,Tim Adleman,Tim,Adleman,CIN,P,33962,Tim Adleman,R
affelje01,Jeremy Affeldt,Jeremy,Affeldt,N/A,P,5061,Jeremy Affeldt,L
aikenbr01,Brady Aiken,Brady,Aiken,CLE,P,,,L
alberan01,Andrew Albers,Andrew,Albers,N/A,P,32754,Andrew Albers,L
alberma01,Matt Albers,Matt,Albers,WAS,P,28525,Matt Albers,R
albural01,Al Alburquerque,Al,Alburquerque,KC,P,30494,Al Alburquerque,R
alcansa01,Sandy Alcantara,Sandy,Alcantara,STL,P,,,R
allarko01,Kolby Allard,Kolby,Allard,ATL,P,,,L
allenco01,Cody Allen,Cody,Allen,CLE,P,32188,Cody Allen,R
altavda01,Dan Altavilla,Dan,Altavilla,SEA,P,,,R
alvarhe01,Henderson Alvarez,Henderson,Alvarez,N/A,P,31047,Henderson Alvarez,R
alvarjo01,Jose Alvarez,Jose,Alvarez,LAA,P,32099,Jose Alvarez,R
alvarya01,Yadier Alvarez,Yadier,Alvarez,LAD,P,,,R
ambrihe01,Hector Ambriz,Hector,Ambriz,N/A,P,29795,Hector Ambriz,R
anderbr04,Brett Anderson,Brett,Anderson,CHC,P,30041,Brett Anderson,L
anderch01,Chase Anderson,Chase,Anderson,MIL,P,32690,Chase Anderson,R
anderco01,Cody Anderson,Cody,Anderson,CLE,P,33183,Cody Anderson,R
anderia01,Ian Anderson,Ian,Anderson,ATL,P,,,R
anderty01,Tyler Anderson,Tyler,Anderson,COL,P,32151,Tyler Anderson,L
andrima01,Matt Andriese,Matt,Andriese,TB,P,32549,Matt Andriese,R
appelma01,Mark Appel,Mark,Appel,N/A,P,33141,Mark Appel,
archech01,Chris Archer,Chris,Archer,TB,P,31003,Chris Archer,R
arredjo01,Jose Arredondo,Jose,Arredondo,N/A,P,29113,Jose Arredondo,R
arrieja01,Jake Arrieta,Jake,Arrieta,CHC,P,30145,Jake Arrieta,R
arroybr01,Bronson Arroyo,Bronson,Arroyo,N/A,P,4416,Bronson Arroyo,R
asheral01,Alec Asher,Alec,Asher,BAL,P,33787,Alec Asher,R
atchisc01,Scott Atchison,Scott,Atchison,N/A,P,4755,Scott Atchison,R
aumonph01,Phillippe Aumont,Phillippe,Aumont,N/A,P,29501,Phillippe Aumont,R
avilalu01,Luis Avilan,Luis,Avilan,LAD,P,31465,Luis Avilan,L
axelrdy01,Dylan Axelrod,Dylan,Axelrod,N/A,P,29727,Dylan Axelrod,R
axforjo01,John Axford,John,Axford,OAK,P,30378,John Axford,R
ayalalu01,Luis Ayala,Luis,Ayala,N/A,P,5389,Luis Ayala,R
badenbu01,Burke Badenhop,Burke,Badenhop,N/A,P,29090,Burke Badenhop,R
baezpe01,Pedro Baez,Pedro,Baez,LAD,P,30694,Pedro Baez,R
bailean01,Andrew Bailey,Andrew,Bailey,LAA,P,30096,Andrew Bailey,R
baileho02,Homer Bailey,Homer,Bailey,CIN,P,28668,Homer Bailey,R
bakersc02,Scott Baker,Scott,Baker,N/A,P,6261,Scott Baker,R
balesco01,Collin Balester,Collin,Balester,DET,P,28967,Collin Balester,R
balfogr01,Grant Balfour,Grant,Balfour,N/A,P,4811,Grant Balfour,R
bandaan01,Anthony Banda,Anthony,Banda,ARI,P,,,L
banuema01,Manny Banuelos,Manny,Banuelos,LAA,P,31123,Manny Banuelos,L
bardda01,Daniel Bard,Daniel,Bard,STL,P,30158,Daniel Bard,R
barneja01,Jacob Barnes,Jacob,Barnes,MIL,P,34868,Jacob Barnes,R
barnema01,Matt Barnes,Matt,Barnes,BOS,P,32147,Matt Barnes,R
barnesc01,Scott Barnes,Scott,Barnes,N/A,P,30789,Scott Barnes,L
barraky01,Kyle Barraclough,Kyle,Barraclough,MIA,P,34830,Kyle Barraclough,R
barreaa01,Aaron Barrett,Aaron,Barrett,N/A,P,33005,Aaron Barrett,R
barreja01,Jake Barrett,Jake,Barrett,ARI,P,33120,Jake Barrett,R
bassan01,Anthony Bass,Anthony,Bass,N/A,P,31144,Anthony Bass,R
bassich01,Chris Bassitt,Chris,Bassitt,OAK,P,33148,Chris Bassitt,R
bastaan01,Antonio Bastardo,Antonio,Bastardo,PIT,P,30105,Antonio Bastardo,L
batismi01,Miguel Batista,Miguel,Batista,N/A,P,2657,Miguel Batista,R
bauertr01,Trevor Bauer,Trevor,Bauer,CLE,P,32014,Trevor Bauer,R
beachbr01,Brandon Beachy,Brandon,Beachy,N/A,P,30962,Brandon Beachy,R
beavabl01,Blake Beavan,Blake,Beavan,N/A,P,31018,Blake Beavan,R
beckch01,Chad Beck,Chad,Beck,N/A,P,32027,Chad Beck,R
beckejo02,Josh Beckett,Josh,Beckett,N/A,P,4242,Josh Beckett,R
bedarer01,Erik Bedard,Erik,Bedard,N/A,P,5099,Erik Bedard,L
bedroca01,Cam Bedrosian,Cam,Bedrosian,LAA,P,31716,Cam Bedrosian,R
beedety01,Tyler Beede,Tyler,Beede,SF,P,,,R
beeleda01,Dallas Beeler,Dallas,Beeler,CHC,P,33099,Dallas Beeler,R
belisma01,Matt Belisle,Matt,Belisle,MIN,P,5829,Matt Belisle,R
belisro01,Ronald Belisario,Ronald,Belisario,N/A,P,29680,Ronald Belisario,R
belivje01,Jeff Beliveau,Jeff,Beliveau,TOR,P,32037,Jeff Beliveau,L
bellhe01,Heath Bell,Heath,Bell,N/A,P,6084,Heath Bell,R
belowdu01,Duane Below,Duane,Below,N/A,P,3132,Duane Below,L
benoijo01,Joaquin Benoit,Joaquin,Benoit,PHI,P,4588,Joaquin Benoit,R
berrijo01,Jose Berrios,Jose,Berrios,MIN,P,32811,Jose Berrios,R
betande01,Dellin Betances,Dellin,Betances,NYY,P,31122,Dellin Betances,R
betanra01,Rafael Betancourt,Rafael,Betancourt,N/A,P,3985,Rafael Betancourt,R
bettich01,Chad Bettis,Chad,Bettis,COL,P,31718,Chad Bettis,R
biagijo01,Joe Biagini,Joe,Biagini,TOR,P,,,
billich01,Chad Billingsley,Chad,Billingsley,N/A,P,6476,Chad Billingsley,R
blachty01,Ty Blach,Ty,Blach,SF,P,,,L
blackcl01,Clayton Blackburn,Clayton,Blackburn,SF,P,32172,Clayton Blackburn,R
blackni01,Nick Blackburn,Nick,Blackburn,N/A,P,28889,Nick Blackburn,R
blacktr01,Travis Blackley,Travis,Blackley,DET,P,6018,Travis Blackley,L
blackvi01,Vic Black,Vic,Black,N/A,P,31764,Vic Black,R
blairaa01,Aaron Blair,Aaron,Blair,ATL,P,33186,Aaron Blair,R
blantjo01,Joe Blanton,Joe,Blanton,WAS,P,6132,Joe Blanton,R
blevije01,Jerry Blevins,Jerry,Blevins,NYM,P,28915,Jerry Blevins,L
boggsmi01,Mitchell Boggs,Mitchell,Boggs,N/A,P,29152,Mitchell Boggs,R
bolsimi01,Mike Bolsinger,Mike,Bolsinger,TOR,P,32737,Mike Bolsinger,R
bondeje01,Jeremy Bonderman,Jeremy,Bonderman,N/A,P,5436,Jeremy Bonderman,R
bowdemi01,Michael Bowden,Michael,Bowden,N/A,P,29225,Michael Bowden,R
bowmama01,Matt Bowman,Matt,Bowman,STL,P,33685,Matt Bowman,R
boxbebr01,Brad Boxberger,Brad,Boxberger,TB,P,31495,Brad Boxberger,R
boydma01,Matt Boyd,Matt,Boyd,DET,P,34401,Matt Boyd,L
boyerbl01,Blaine Boyer,Blaine,Boyer,N/A,P,,,R
brachbr01,Brad Brach,Brad,Brach,BAL,P,31000,Brad Brach,R
brachsi01,Silvino Bracho,Silvino,Bracho,ARI,P,34119,Silvino Bracho,R
bradeda01,Dallas Braden,Dallas,Braden,N/A,P,28749,Dallas Braden,L
bradlar01,Archie Bradley,Archie,Bradley,ARI,P,32518,Archie Bradley,R
braulst01,Steven Brault,Steven,Brault,PIT,P,33870,Steven Brault,L
breslcr01,Craig Breslow,Craig,Breslow,MIN,P,6365,Craig Breslow,L
briceau01,Austin Brice,Austin,Brice,MIA,P,,,R
brittza01,Zach Britton,Zach,Britton,BAL,P,31054,Zach Britton,L
brookaa01,Aaron Brooks,Aaron,Brooks,CHC,P,33124,Aaron Brooks,
brothre01,Rex Brothers,Rex,Brothers,N/A,P,31083,Rex Brothers,L
brownba01,Barret Browning,Barret,Browning,N/A,P,30911,Barret Browning,L
broxtjo01,Jonathan Broxton,Jonathan,Broxton,STL,P,6370,Jonathan Broxton,R
buchada01,David Buchanan,David,Buchanan,N/A,P,33281,David Buchanan,R
buchhcl01,Clay Buchholz,Clay,Buchholz,PHI,P,28855,Clay Buchholz,R
buchtry01,Ryan Buchter,Ryan,Buchter,SD,P,32329,Ryan Buchter,L
buehrma01,Mark Buehrle,Mark,Buehrle,N/A,P,4454,Mark Buehrle,L
bumgama01,Madison Bumgarner,Madison,Bumgarner,SF,P,29949,Madison Bumgarner,L
bundydy01,Dylan Bundy,Dylan,Bundy,BAL,P,32094,Dylan Bundy,R
burgoen02,Enrique Burgos,Enrique,Burgos,ARI,P,34838,Enrique Burgos,R
burkegr01,Greg Burke,Greg,Burke,N/A,P,30231,Greg Burke,R
burnea.01,A.J. Burnett,A.J.,Burnett,N/A,P,4153,A.J. Burnett,R
burneal01,Alex Burnett,Alex,Burnett,N/A,P,30410,Alex Burnett,R
burnese01,Sean Burnett,Sean,Burnett,PHI,P,5384,Sean Burnett,L
burtoja01,Jared Burton,Jared,Burton,N/A,P,28733,Jared Burton,R
bushma01,Matt Bush,Matt,Bush,TEX,P,30074,Matt Bush,R
butleed01,Eddie Butler,Eddie,Butler,CHC,P,32831,Eddie Butler,R
byrdati01,Tim Byrdak,Tim,Byrdak,N/A,P,3910,Tim Byrdak,L
cabrema01,Mauricio Cabrera,Mauricio,Cabrera,ATL,P,32809,Mauricio Cabrera,R
cahiltr01,Trevor Cahill,Trevor,Cahill,SD,P,30054,Trevor Cahill,R
cainma01,Matt Cain,Matt,Cain,SF,P,6202,Matt Cain,R
caminar01,Arquimedes Caminero,Arquimedes,Caminero,N/A,P,30979,Arquimedes Caminero,R
campsh01,Shawn Camp,Shawn,Camp,N/A,P,5930,Shawn Camp,R
cappsca01,Carter Capps,Carter,Capps,SD,P,32469,Carter Capps,R
cappsma01,Matt Capps,Matt,Capps,N/A,P,6450,Matt Capps,R
capuach01,Chris Capuano,Chris,Capuano,N/A,P,5469,Chris Capuano,L
carigan01,Andrew Carignan,Andrew,Carignan,N/A,P,30034,Andrew Carignan,R
carmofa01,Roberto Hernandez,Roberto,Hernandez,N/A,P,6356,Roberto Hernandez,R
carpean01,Andrew Carpenter,Andrew,Carpenter,N/A,P,29221,Drew Carpenter,R
carpech01,Chris Carpenter,Chris,Carpenter,N/A,P,3610,Chris Carpenter,R
carpech02,Chris Carpenter,Chris,Carpenter,N/A,P,3610,Chris Carpenter,R
carpeda01,David Carpenter,David,Carpenter,N/A,P,29698,David Carpenter,R
carpeda02,David Carpenter,David,Carpenter,N/A,P,31305,David Carpenter,R
carraca01,Carlos Carrasco,Carlos,Carrasco,CLE,P,28968,Carlos Carrasco,R
carradj01,D.J. Carrasco,D.J.,Carrasco,N/A,P,5393,D.J. Carrasco,R
carrejo01,Joel Carreno,Joel,Carreno,N/A,P,31515,Joel Carreno,R
carsoro01,Robert Carson,Robert,Carson,N/A,P,31672,Robert Carson,L
cashnan01,Andrew Cashner,Andrew,Cashner,TEX,P,30134,Andrew Cashner,R
casilja01,Santiago Casilla,Santiago,Casilla,OAK,P,6060,Santiago Casilla,R
cassebo01,Bobby Cassevah,Bobby,Cassevah,N/A,P,30806,Bobby Cassevah,R
castrmi01,Miguel Castro,Miguel,Castro,COL,P,33820,Miguel Castro,R
cecilbr01,Brett Cecil,Brett,Cecil,STL,P,30296,Brett Cecil,L
cedenxa01,Xavier Cedeno,Xavier,Cedeno,TB,P,32028,Xavier Cedeno,L
cessalu01,Luis Cessa,Luis,Cessa,NYY,P,34837,Luis Cessa,R
chacijh01,Jhoulys Chacin,Jhoulys,Chacin,SD,P,30147,Jhoulys Chacin,R
chafian01,Andrew Chafin,Andrew,Chafin,ARI,P,32810,Andrew Chafin,L
chambjo03,Joba Chamberlain,Joba,Chamberlain,N/A,P,28847,Joba Chamberlain,R
chapmar01,Aroldis Chapman,Aroldis,Chapman,NYY,P,30442,Aroldis Chapman,L
chargjt01,J.T. Chargois,J.T.,Chargois,MIN,P,,,R
chatwty01,Tyler Chatwood,Tyler,Chatwood,COL,P,30564,Tyler Chatwood,R
chaveje01,Jesse Chavez,Jesse,Chavez,LAA,P,29220,Jesse Chavez,R
chenbr01,Bruce Chen,Bruce,Chen,N/A,P,3926,Bruce Chen,L
chenwe02,Wei-Yin Chen,Wei-Yin,Chen,MIA,P,32048,Wei-Yin Chen,L
choatra01,Randy Choate,Randy,Choate,N/A,P,4440,Randy Choate,L
chulkvi01,Vinnie Chulk,Vinnie,Chulk,N/A,P,5417,Vinnie Chulk,R
cingrto01,Tony Cingrani,Tony,Cingrani,CIN,P,32135,Tony Cingrani,L
cishest01,Steve Cishek,Steve,Cishek,SEA,P,30963,Steve Cishek,R
clemepa02,Paul Clemens,Paul,Clemens,N/A,P,31609,Paul Clemens,R
cletoma01,Maikel Cleto,Maikel,Cleto,N/A,P,30967,Maikel Cleto,R
clevimi01,Mike Clevinger,Mike,Clevinger,CLE,P,32769,Mike Clevinger,R
clippty01,Tyler Clippard,Tyler,Clippard,NYY,P,28694,Tyler Clippard,R
cloydty01,Tyler Cloyd,Tyler,Cloyd,N/A,P,32578,Tyler Cloyd,R
cobbal01,Alex Cobb,Alex,Cobb,TB,P,31086,Alex Cobb,R
coellro01,Robert Coello,Robert,Coello,N/A,P,30958,Robert Coello,R
cokeph01,Phil Coke,Phil,Coke,N/A,P,29235,Phil Coke,L
coleaj01,A.J. Cole,A.J.,Cole,WAS,P,31595,A.J. Cole,R
colege01,Gerrit Cole,Gerrit,Cole,PIT,P,32081,Gerrit Cole,R
colemlo01,Louis Coleman,Louis,Coleman,N/A,P,31115,Louis Coleman,R
colliti01,Tim Collins,Tim,Collins,WAS,P,30995,Tim Collins,L
collmjo01,Josh Collmenter,Josh,Collmenter,ATL,P,31090,Josh Collmenter,R
colomal01,Alex Colome,Alex,Colome,TB,P,31255,Alex Colome,R
colonba01,Bartolo Colon,Bartolo,Colon,ATL,P,3602,Bartolo Colon,R
conlead01,Adam Conley,Adam,Conley,MIA,P,32669,Adam Conley,L
contrjo01,Jose Contreras,Jose,Contreras,N/A,P,5373,Jose Contreras,R
cookaa01,Aaron Cook,Aaron,Cook,N/A,P,4762,Aaron Cook,R
cookry01,Ryan Cook,Ryan,Cook,N/A,P,31532,Ryan Cook,R
cooneti01,Tim Cooney,Tim,Cooney,CLE,P,33159,Tim Cooney,L
corbipa01,Patrick Corbin,Patrick,Corbin,ARI,P,31313,Patrick Corbin,L
cordefr01,Francisco Cordero,Francisco,Cordero,N/A,P,4139,Francisco Cordero,R
correke01,Kevin Correia,Kevin,Correia,N/A,P,5580,Kevin Correia,R
cosarja01,Jarred Cosart,Jarred,Cosart,SD,P,31096,Jarred Cosart,R
cothaca01,Caleb Cotham,Caleb,Cotham,N/A,P,33897,Caleb Cotham,R
cottojh01,Jharel Cotton,Jharel,Cotton,OAK,P,34052,Jharel Cotton,R
cottsne01,Neal Cotts,Neal,Cotts,N/A,P,5644,Neal Cotts,L
crainje01,Jesse Crain,Jesse,Crain,N/A,P,5905,Jesse Crain,R
cravyty01,Tyler Cravy,Tyler,Cravy,MIL,P,33824,Tyler Cravy,R
crawfev01,Evan Crawford,Evan,Crawford,N/A,P,31546,Evan Crawford,L
crickky01,Kyle Crick,Kyle,Crick,SF,P,32171,Kyle Crick,R
crosbca01,Casey Crosby,Casey,Crosby,N/A,P,30683,Casey Crosby,L
crowaa01,Aaron Crow,Aaron,Crow,N/A,P,30495,Aaron Crow,R
cruzrh01,Rhiner Cruz,Rhiner,Cruz,N/A,P,32118,Rhiner Cruz,R
cuetojo01,Johnny Cueto,Johnny,Cueto,SF,P,28955,Johnny Cueto,R
cumpbr01,Brandon Cumpton,Brandon,Cumpton,PIT,P,33086,Brandon Cumpton,R
danksjo01,John Danks,John,Danks,ATL,P,28508,John Danks,L
darviyu01,Yu Darvish,Yu,Darvish,TEX,P,32055,Yu Darvish,R
davieky01,Kyle Davies,Kyle,Davies,N/A,P,,,R
davieza02,Zach Davies,Zach,Davies,MIL,P,33829,Zach Davies,R
davisdo02,Doug Davis,Doug,Davis,N/A,P,,,R
daviswa01,Wade Davis,Wade,Davis,CHC,P,28957,Wade Davis,R
daytogr01,Grant Dayton,Grant,Dayton,LAD,P,32670,Grant Dayton,L
dedunsa01,Samuel Deduno,Samuel,Deduno,N/A,P,30076,Samuel Deduno,R
defraju01,Justin De Fratus,Justin,De Fratus,N/A,P,30976,Justin De Fratus,R
degroja01,Jacob deGrom,Jacob,deGrom,NYM,P,32796,Jacob deGrom,R
dejonch01,Chase De Jong,Chase,De Jong,SEA,P,,,R
delabst01,Steve Delabar,Steve,Delabar,CLE,P,32026,Steve Delabar,R
delarda01,Dane de la Rosa,Dane,de la Rosa,N/A,P,30978,Dane De La Rosa,R
delarru01,Rubby de la Rosa,Rubby,de la Rosa,ARI,P,31051,Rubby De La Rosa,R
deleojo01,Jose De Leon,Jose,De Leon,TB,P,33831,Jose De Leon,R
delgara01,Randall Delgado,Randall,Delgado,ARI,P,31093,Randall Delgado,R
delosfa01,Fautino De Los Santos,Fautino,De Los Santos,N/A,P,29481,Fautino De Los Santos,R
delroen01,Enerio Del Rosario,Enerio,Del Rosario,N/A,P,,,R
dempsry01,Ryan Dempster,Ryan,Dempster,N/A,P,3845,Ryan Dempster,R
desclan01,Anthony DeSclafani,Anthony,DeSclafani,CIN,P,33180,Anthony DeSclafani,R
despaod01,Odrisamer Despaigne,Odrisamer,Despaigne,MIA,P,33617,Odrisamer Despaigne,R
detwiro01,Ross Detwiler,Ross,Detwiler,OAK,P,28895,Ross Detwiler,L
devench02,Chris Devenski,Chris,Devenski,HOU,P,32511,Chris Devenski,R
devrico01,Cole DeVries,Cole,DeVries,N/A,P,29434,Cole De Vries,R
diamosc01,Scott Diamond,Scott,Diamond,N/A,P,30985,Scott Diamond,L
diazed04,Edwin Diaz,Edwin,Diaz,SEA,P,35394,Edwin Diaz,R
diazja01,Jairo Diaz,Jairo,Diaz,COL,P,32986,Jairo Diaz,R
diazju03,Jumbo Diaz,Jumbo,Diaz,TB,P,29839,Jumbo Diaz,R
dicker.01,R.A. Dickey,R.A.,Dickey,ATL,P,4695,R.A. Dickey,R
dicksbr01,Brandon Dickson,Brandon,Dickson,N/A,P,,,R
diekmja01,Jake Diekman,Jake,Diekman,TEX,P,32178,Jake Diekman,L
dillati01,Tim Dillard,Tim,Dillard,N/A,P,,,R
doolise01,Sean Doolittle,Sean,Doolittle,OAK,P,30283,Sean Doolittle,L
doteloc01,Octavio Dotel,Octavio,Dotel,N/A,P,3950,Octavio Dotel,R
doubrfe01,Felix Doubront,Felix,Doubront,OAK,P,30066,Felix Doubront,L
downsda02,Darin Downs,Darin,Downs,N/A,P,31076,Darin Downs,L
downssc01,Scott Downs,Scott,Downs,N/A,P,4286,Scott Downs,L
drabeky01,Kyle Drabek,Kyle,Drabek,N/A,P,29965,Kyle Drabek,R
duchsju01,Justin Duchscherer,Justin,Duchscherer,N/A,P,,,R
duensbr01,Brian Duensing,Brian,Duensing,CHC,P,28960,Brian Duensing,L
duffety01,Tyler Duffey,Tyler,Duffey,MIN,P,33668,Tyler Duffey,R
duffyda01,Danny Duffy,Danny,Duffy,KC,P,31114,Danny Duffy,L
dukeza01,Zach Duke,Zach,Duke,STL,P,6219,Zach Duke,L
dullry01,Ryan Dull,Ryan,Dull,OAK,P,33319,Ryan Dull,R
dunnmi01,Mike Dunn,Mike,Dunn,COL,P,30081,Mike Dunn,L
durbich01,Chad Durbin,Chad,Durbin,N/A,P,,,R
dysonsa01,Sam Dyson,Sam,Dyson,TEX,P,31745,Sam Dyson,R
edginjo01,Josh Edgin,Josh,Edgin,NYM,P,32198,Josh Edgin,L
edwarca01,Carl Edwards,Carl,Edwards,CHC,P,605218,Carl Edwards,R
eflinza01,Zach Eflin,Zach,Eflin,PHI,P,32804,Zach Eflin,R
eickhje01,Jerad Eickhoff,Jerad,Eickhoff,PHI,P,33057,Jerad Eickhoff,R
elbersc01,Scott Elbert,Scott,Elbert,N/A,P,28689,Scott Elbert,L
eliasro01,Roenis Elias,Roenis,Elias,BOS,P,33152,Roenis Elias,L
elyjo01,John Ely,John,Ely,N/A,P,30940,John Ely,R
enrigba01,Barry Enright,Barry,Enright,N/A,P,29791,Barry Enright,R
eovalna01,Nathan Eovaldi,Nathan,Eovaldi,NYY,P,31174,Nate Eovaldi,R
eppleco01,Cody Eppley,Cody,Eppley,N/A,P,,,R
erlinro01,Robbie Erlin,Robbie,Erlin,SD,P,31791,Robbie Erlin,L
espinan01,Anderson Espinoza,Anderson,Espinoza,SD,P,34987,Anderson Espinoza,R
estevca01,Carlos Estevez,Carlos,Estevez,COL,P,34861,Carlos Estevez,R
estrama01,Marco Estrada,Marco,Estrada,TOR,P,29215,Marco Estrada,R
familje01,Jeurys Familia,Jeurys,Familia,NYM,P,31687,Jeurys Familia,R
fariaja01,Jacob Faria,Jacob,Faria,TB,P,,,R
farmebu01,Buck Farmer,Buck,Farmer,DET,P,33627,Buck Farmer,R
farnsky01,Kyle Farnsworth,Kyle,Farnsworth,N/A,P,4049,Kyle Farnsworth,R
farquda01,Danny Farquhar,Danny,Farquhar,TB,P,30611,Danny Farquhar,R
feddeer01,Erick Fedde,Erick,Fedde,WAS,P,,,R
feldmsc01,Scott Feldman,Scott,Feldman,CIN,P,6384,Scott Feldman,R
felicpe01,Pedro Feliciano,Pedro,Feliciano,N/A,P,5314,Pedro Feliciano,L
felizmi01,Michael Feliz,Michael,Feliz,HOU,P,33235,Michael Feliz,R
felizne01,Neftali Feliz,Neftali,Feliz,MIL,P,30149,Neftali Feliz,R
fernajo01,Jose Fernandez,Jose,Fernandez,N/A,P,32567,Jose Fernandez,R
fickch01,Chuckie Fick,Chuckie,Fick,N/A,P,,,R
fieldjo03,Josh Fields,Josh,Fields,LAD,P,30213,Josh Fields,R
fienca01,Casey Fien,Casey,Fien,SEA,P,29376,Casey Fien,R
fiersmi01,Mike Fiers,Mike,Fiers,HOU,P,30773,Mike Fiers,R
fifest01,Stephen Fife,Stephen,Fife,N/A,P,32038,Stephen Fife,R
figuepe01,Pedro Figueroa,Pedro,Figueroa,N/A,P,30558,Pedro Figueroa,L
finnebr01,Brandon Finnegan,Brandon,Finnegan,CIN,P,33633,Brandon Finnegan,L
fistedo01,Doug Fister,Doug,Fister,N/A,P,30370,Doug Fister,R
floydga01,Gavin Floyd,Gavin,Floyd,N/A,P,5922,Gavin Floyd,R
flynnbr01,Brian Flynn,Brian,Flynn,KC,P,32671,Brian Flynn,L
foltymi01,Mike Foltynewicz,Mike,Foltynewicz,ATL,P,31819,Mike Foltynewicz,R
fontwi01,Wilmer Font,Wilmer,Font,N/A,P,31075,Wilmer Font,R
francfr01,Frank Francisco,Frank,Francisco,N/A,P,5963,Frank Francisco,R
francje01,Jeff Francis,Jeff,Francis,N/A,P,6038,Jeff Francis,L
frankry01,Ryan Franklin,Ryan,Franklin,N/A,P,4064,Ryan Franklin,R
frasoja01,Jason Frasor,Jason,Frasor,N/A,P,5938,Jason Frasor,R
freelky01,Kyle Freeland,Kyle,Freeland,COL,P,,,L
freemsa01,Sam Freeman,Sam,Freeman,ATL,P,32075,Sam Freeman,L
friasca01,Carlos Frias,Carlos,Frias,LAD,P,33272,Carlos Frias,R
friedch01,Christian Friedrich,Christian,Friedrich,SD,P,30603,Christian Friedrich,L
frierer01,Ernesto Frieri,Ernesto,Frieri,N/A,P,29984,Ernesto Frieri,R
fuentbr01,Brian Fuentes,Brian,Fuentes,N/A,P,,,L
fujikky01,Kyuji Fujikawa,Kyuji,Fujikawa,N/A,P,32583,Kyuji Fujikawa,R
fulmeca01,Carson Fulmer,Carson,Fulmer,CHW,P,34913,Carson Fulmer,R
fulmemi01,Michael Fulmer,Michael,Fulmer,DET,P,34842,Michael Fulmer,R
furbuch01,Charlie Furbush,Charlie,Furbush,N/A,P,31589,Charlie Furbush,L
galarar01,Armando Galarraga,Armando,Galarraga,N/A,P,,,R
gallayo01,Yovani Gallardo,Yovani,Gallardo,SEA,P,28650,Yovani Gallardo,R
garcich02,Christian Garcia,Christian,Garcia,N/A,P,30080,Christian Garcia,R
garcifr03,Freddy Garcia,Freddy,Garcia,N/A,P,4007,Freddy Garcia,R
garcija02,Jaime Garcia,Jaime,Garcia,ATL,P,29185,Jaime Garcia,L
garciyi01,Yimi Garcia,Yimi,Garcia,LAD,P,32888,Yimi Garcia,R
garlajo01,Jon Garland,Jon,Garland,N/A,P,,,R
garream01,Amir Garrett,Amir,Garrett,CIN,P,,,L
garzama01,Matt Garza,Matt,Garza,MIL,P,28528,Matt Garza,R
gaudich01,Chad Gaudin,Chad,Gaudin,N/A,P,5627,Chad Gaudin,R
gausmke01,Kevin Gausman,Kevin,Gausman,BAL,P,32667,Kevin Gausman,R
gearrco01,Cory Gearrin,Cory,Gearrin,SF,P,30665,Cory Gearrin,R
geedi01,Dillon Gee,Dillon,Gee,TEX,P,30139,Dillon Gee,R
geltzst01,Steve Geltz,Steve,Geltz,MIL,P,31393,Steven Geltz,R
germego01,Gonzalez Germen,Gonzalez,Germen,N/A,P,33076,Gonzalez Germen,R
gibsoky01,Kyle Gibson,Kyle,Gibson,MIN,P,31053,Kyle Gibson,R
gileske01,Ken Giles,Ken,Giles,HOU,P,32762,Ken Giles,R
giolilu01,Lucas Giolito,Lucas,Giolito,CHW,P,32697,Lucas Giolito,R
givenmy01,Mychal Givens,Mychal,Givens,BAL,P,31618,Mychal Givens,R
glasnty01,Tyler Glasnow,Tyler,Glasnow,PIT,P,33190,Tyler Glasnow,R
gloveko01,Koda Glover,Koda,Glover,WAS,P,,,R
godfrgr01,Graham Godfrey,Graham,Godfrey,N/A,P,,,R
gomezje01,Jeanmar Gomez,Jeanmar,Gomez,PHI,P,30525,Jeanmar Gomez,R
gonsast01,Stephen Gonsalves,Stephen,Gonsalves,MIN,P,,,L
gonzach01,Chi Chi Gonzalez,Chi,Chi Gonzalez,TEX,P,33386,Chi Chi Gonzalez,R
gonzagi01,Gio Gonzalez,Gio,Gonzalez,WAS,P,28962,Gio Gonzalez,L
gonzama02,Marco Gonzales,Marco,Gonzales,STL,P,33158,Marco Gonzales,L
gonzami02,Michael Gonzalez,Michael,Gonzalez,N/A,P,5642,Mike Gonzalez,L
gonzami03,Miguel Gonzalez,Miguel,Gonzalez,CHW,P,29310,Miguel Gonzalez,R
gonzami05,Miguel A. Gonzalez,Miguel,A. Gonzalez,N/A,P,33093,Miguel Alfredo Gonzalez,R
gonzase01,Severino Gonzalez,Severino,Gonzalez,MIA,P,33238,Severino Gonzalez,R
gorskda01,Darin Gorski,Darin,Gorski,N/A,P,32240,Darin Gorski,L
gorzeto01,Tom Gorzelanny,Tom,Gorzelanny,N/A,P,6449,Tom Gorzelanny,L
graveke01,Kendall Graveman,Kendall,Graveman,OAK,P,33636,Kendall Graveman,R
grayjo02,Jon Gray,Jon,Gray,COL,P,33203,Jon Gray,R
grayso01,Sonny Gray,Sonny,Gray,OAK,P,32082,Sonny Gray,R
greench03,Chad Green,Chad,Green,NYY,P,33325,Chad Green,R
greensh02,Shane Greene,Shane,Greene,DET,P,32704,Shane Greene,L
gregelu01,Luke Gregerson,Luke,Gregerson,HOU,P,30276,Luke Gregerson,R
greggke01,Kevin Gregg,Kevin,Gregg,N/A,P,5641,Kevin Gregg,R
greinza01,Zack Greinke,Zack,Greinke,ARI,P,5883,Zack Greinke,R
griffaj01,A.J. Griffin,A.J.,Griffin,TEX,P,32559,A.J. Griffin,R
grillja01,Jason Grilli,Jason,Grilli,TOR,P,4350,Jason Grilli,R
grimmju01,Justin Grimm,Justin,Grimm,CHC,P,31753,Justin Grimm,R
groomja01,Jason Groome,Jason,Groome,BOS,P,,,L
gsellro01,Robert Gsellman,Robert,Gsellman,NYM,P,34872,Robert Gsellman,R
guerrja01,Javy Guerra,Javy,Guerra,MIA,P,30505,Javy Guerra,R
guerrju02,Junior Guerra,Junior,Guerra,MIL,P,34241,Junior Guerra,R
guerrma02,Matt Guerrier,Matt,Guerrier,N/A,P,5998,Matt Guerrier,R
guerrta02,Taylor Guerrieri,Taylor,Guerrieri,TB,P,32167,Taylor Guerrieri,R
guthrje01,Jeremy Guthrie,Jeremy,Guthrie,N/A,P,5370,Jeremy Guthrie,R
gutievl01,Vladimir Gutierrez,Vladimir,Gutierrez,CIN,P,,,R
haderjo01,Josh Hader,Josh,Hader,MIL,P,,,L
hagadni01,Nick Hagadone,Nick,Hagadone,SEA,P,29992,Nick Hagadone,L
hahnje01,Jesse Hahn,Jesse,Hahn,OAK,P,33108,Jesse Hahn,R
haleda01,David Hale,David,Hale,N/A,P,32601,David Hale,R
hallaro01,Roy Halladay,Roy,Halladay,N/A,P,3973,Roy Halladay,R
hamelco01,Cole Hamels,Cole,Hamels,TEX,P,6216,Cole Hamels,L
hammeja01,Jason Hammel,Jason,Hammel,KC,P,6480,Jason Hammel,R
handbr01,Brad Hand,Brad,Hand,SD,P,31077,Brad Hand,L
hanrajo01,Joel Hanrahan,Joel,Hanrahan,N/A,P,28715,Joel Hanrahan,R
hanseal01,Alec Hansen,Alec,Hansen,CHW,P,,,R
hansoto01,Tommy Hanson,Tommy,Hanson,N/A,P,30191,Tommy Hanson,R
happja01,J.A. Happ,J.A.,Happ,TOR,P,28817,J.A. Happ,L
haranaa01,Aaron Harang,Aaron,Harang,N/A,P,5181,Aaron Harang,R
harderi01,Rich Harden,Rich,Harden,N/A,P,,,R
harenda01,Dan Haren,Dan,Haren,N/A,P,5565,Dan Haren,R
harrelu01,Lucas Harrell,Lucas,Harrell,N/A,P,29937,Lucas Harrell,R
harrima01,Matt Harrison,Matt,Harrison,N/A,P,28965,Matt Harrison,L
harriwi10,Will Harris,Will,Harris,HOU,P,32566,Will Harris,R
harvehu01,Hunter Harvey,Hunter,Harvey,BAL,P,33191,Hunter Harvey,R
harvema01,Matt Harvey,Matt,Harvey,NYM,P,31214,Matt Harvey,R
hatchch02,Chris Hatcher,Chris,Hatcher,LAD,P,30648,Chris Hatcher,R
hawkila01,LaTroy Hawkins,LaTroy,Hawkins,N/A,P,3176,LaTroy Hawkins,R
heanean01,Andrew Heaney,Andrew,Heaney,LAA,P,32672,Andrew Heaney,L
hefneje01,Jeremy Hefner,Jeremy,Hefner,N/A,P,30870,Jeremy Hefner,R
hellije01,Jeremy Hellickson,Jeremy,Hellickson,PHI,P,30506,Jeremy Hellickson,R
hembrhe01,Heath Hembree,Heath,Hembree,BOS,P,31840,Heath Hembree,R
hendeji01,Jim Henderson,Jim,Henderson,N/A,P,31169,Jim Henderson,R
hendrky01,Kyle Hendricks,Kyle,Hendricks,CHC,P,33173,Kyle Hendricks,R
hendrli01,Liam Hendriks,Liam,Hendriks,OAK,P,31755,Liam Hendriks,R
henslcl01,Clay Hensley,Clay,Hensley,N/A,P,,,R
hernada01,David Hernandez,David,Hernandez,N/A,P,30058,David Hernandez,R
hernafe02,Felix Hernandez,Felix,Hernandez,SEA,P,6194,Felix Hernandez,R
hernali01,Livan Hernandez,Livan,Hernandez,N/A,P,,,R
herreke01,Kelvin Herrera,Kelvin,Herrera,KC,P,32029,Kelvin Herrera,R
hestoch01,Chris Heston,Chris,Heston,SEA,P,32611,Chris Heston,R
hillri01,Rich Hill,Rich,Hill,LAD,P,,,L
hillsh01,Shawn Hill,Shawn,Hill,N/A,P,,,R
hinojda01,Dalier Hinojosa,Dalier,Hinojosa,PHI,P,33275,Dalier Hinojosa,R
hochelu01,Luke Hochevar,Luke,Hochevar,N/A,P,28643,Luke Hochevar,R
hoffmje02,Jeff Hoffman,Jeff,Hoffman,COL,P,33841,Jeff Hoffman,R
hoffmtr01,Trevor Hoffman,Trevor,Hoffman,N/A,P,2817,Trevor Hoffman,R
hollade01,Derek Holland,Derek,Holland,CHW,P,30148,Derek Holland,L
hollagr01,Greg Holland,Greg,Holland,COL,P,30945,Greg Holland,R
holmegr01,Grant Holmes,Grant,Holmes,OAK,P,33840,Grant Holmes,R
honeybr01,Brent Honeywell,Brent,Honeywell,TB,P,33838,Brent Honeywell,R
hoovejj01,J.J. Hoover,J.J.,Hoover,ARI,P,32557,J.J. Hoover,R
horstje01,Jeremy Horst,Jeremy,Horst,N/A,P,31071,Jeremy Horst,L
housetj01,T.J. House,T.J.,House,TOR,P,32610,T.J. House,L
howeljp01,J.P. Howell,J.P.,Howell,TOR,P,6312,J.P. Howell,L
hoytja01,James Hoyt,James,Hoyt,HOU,P,,,R
hudsoda01,Daniel Hudson,Daniel,Hudson,PIT,P,30376,Daniel Hudson,R
hudsoti01,Tim Hudson,Tim,Hudson,N/A,P,4084,Tim Hudson,R
huffda01,David Huff,David,Huff,N/A,P,30127,David Huff,L
hugheja02,Jared Hughes,Jared,Hughes,PIT,P,31556,Jared Hughes,R
hugheph01,Phil Hughes,Phil,Hughes,MIN,P,28638,Phil Hughes,R
hultzda01,Danny Hultzen,Danny,Hultzen,N/A,P,32023,Danny Hultzen,L
humbeph01,Philip Humber,Philip,Humber,N/A,P,28596,Philip Humber,R
hunteto02,Tommy Hunter,Tommy,Hunter,N/A,P,29198,Tommy Hunter,R
hutchdr01,Drew Hutchison,Drew,Hutchison,PIT,P,31462,Drew Hutchison,R
igarary01,Ryota Igarashi,Ryota,Igarashi,N/A,P,,,R
iglesra01,Raisel Iglesias,Raisel,Iglesias,CIN,P,33618,Raisel Iglesias,R
isrinja01,Jason Isringhausen,Jason,Isringhausen,N/A,P,3289,Jason Isringhausen,R
iwakuhi01,Hisashi Iwakuma,Hisashi,Iwakuma,SEA,P,30965,Hisashi Iwakuma,R
jacksed01,Edwin Jackson,Edwin,Jackson,N/A,P,5842,Edwin Jackson,R
janseke01,Kenley Jansen,Kenley,Jansen,LAD,P,29630,Kenley Jansen,R
janssca01,Casey Janssen,Casey,Janssen,N/A,P,6526,Casey Janssen,R
jeffrje01,Jeremy Jeffress,Jeremy,Jeffress,TEX,P,30954,Jeremy Jeffress,R
jenkich01,Chad Jenkins,Chad,Jenkins,N/A,P,30612,Chad Jenkins,R
jenksbo01,Bobby Jenks,Bobby,Jenks,N/A,P,,,R
jennida01,Dan Jennings,Dan,Jennings,CHW,P,30555,Dan Jennings,L
jepseke01,Kevin Jepsen,Kevin,Jepsen,N/A,P,29265,Kevin Jepsen,R
jimenjo01,Joe Jimenez,Joe,Jimenez,DET,P,,,R
jimenub01,Ubaldo Jimenez,Ubaldo,Jimenez,BAL,P,28625,Ubaldo Jimenez,R
johnsbr02,Brian Johnson,Brian,Johnson,BOS,P,34400,Brian Johnson,L
johnser04,Erik Johnson,Erik,Johnson,SD,P,32176,Erik Johnson,R
johnsji04,Jim Johnson,Jim,Johnson,ATL,P,28531,Jim Johnson,R
johnsjo09,Josh Johnson,Josh,Johnson,N/A,P,6435,Josh Johnson,R
johnsst02,Steve Johnson,Steve,Johnson,N/A,P,30391,Steve Johnson,R
jonesna01,Nate Jones,Nate,Jones,CHW,P,31136,Nate Jones,R
jordata01,Taylor Jordan,Taylor,Jordan,N/A,P,31701,Taylor Jordan,R
jungmta01,Taylor Jungmann,Taylor,Jungmann,MIL,P,32045,Taylor Jungmann,R
juradar01,Ariel Jurado,Ariel,Jurado,TEX,P,,,R
jurrjja01,Jair Jurrjens,Jair,Jurrjens,N/A,P,28854,Jair Jurrjens,R
kaprija01,James Kaprielian,James,Kaprielian,NYY,P,,,R
karnsna01,Nate Karns,Nate,Karns,KC,P,32607,Nathan Karns,R
karstje01,Jeff Karstens,Jeff,Karstens,N/A,P,28552,Jeff Karstens,R
kazmisc01,Scott Kazmir,Scott,Kazmir,LAD,P,5917,Scott Kazmir,L
kelake01,Keone Kela,Keone,Kela,TEX,P,33497,Keone Kela,R
kellemi01,Mitch Keller,Mitch,Keller,PIT,P,,,R
kellesh01,Shawn Kelley,Shawn,Kelley,WAS,P,30258,Shawn Kelley,R
kellyca01,Casey Kelly,Casey,Kelly,CHC,P,30520,Casey Kelly,R
kellyjo05,Joe Kelly,Joe,Kelly,BOS,P,31992,Joe Kelly,R
kendrky01,Kyle Kendrick,Kyle,Kendrick,BOS,P,28804,Kyle Kendrick,R
kenneia01,Ian Kennedy,Ian,Kennedy,KC,P,28864,Ian Kennedy,R
kershcl01,Clayton Kershaw,Clayton,Kershaw,LAD,P,28963,Clayton Kershaw,L
keuchda01,Dallas Keuchel,Dallas,Keuchel,HOU,P,31815,Dallas Keuchel,L
kimbrcr01,Craig Kimbrel,Craig,Kimbrel,BOS,P,30653,Craig Kimbrel,R
kinnejo01,Josh Kinney,Josh,Kinney,N/A,P,,,R
kintzbr01,Brandon Kintzler,Brandon,Kintzler,MIN,P,30959,Brandon Kintzler,R
kirkmmi01,Michael Kirkman,Michael,Kirkman,N/A,P,30571,Michael Kirkman,L
klubeco01,Corey Kluber,Corey,Kluber,CLE,P,30981,Corey Kluber,R
knebeco01,Corey Knebel,Corey,Knebel,MIL,P,33206,Corey Knebel,R
koehlto01,Tom Koehler,Tom,Koehler,MIA,P,31079,Tom Koehler,R
kontoge01,George Kontos,George,Kontos,SF,P,30991,George Kontos,R
kopecmi01,Michael Kopech,Michael,Kopech,CHW,P,,,R
korecbo01,Bobby Korecky,Bobby,Korecky,N/A,P,29112,Bobby Korecky,R
kuhlch01,Chad Kuhl,Chad,Kuhl,PIT,P,35021,Chad Kuhl,R
kuoho01,Hong-Chih Kuo,Hong-Chih,Kuo,N/A,P,,,L
kurodhi01,Hiroki Kuroda,Hiroki,Kuroda,N/A,P,28950,Hiroki Kuroda,R
lackejo01,John Lackey,John,Lackey,CHC,P,5203,John Lackey,R
laffeaa01,Aaron Laffey,Aaron,Laffey,N/A,P,,,L
lambjo02,John Lamb,John,Lamb,N/A,P,30994,John Lamb,
lamboan01,Andrew Lambo,Andrew,Lambo,OAK,P,31028,Andrew Lambo,L
lannajo01,John Lannan,John,Lannan,N/A,P,28834,John Lannan,L
latosma01,Mat Latos,Mat,Latos,N/A,P,30196,Mat Latos,R
lawde01,Derek Law,Derek,Law,SF,P,33139,Derek Law,R
leagubr01,Brandon League,Brandon,League,KC,P,6135,Brandon League,R
leakemi01,Mike Leake,Mike,Leake,STL,P,30465,Mike Leake,R
leblawa01,Wade LeBlanc,Wade,LeBlanc,PIT,P,29238,Wade LeBlanc,L
lecursa01,Sam LeCure,Sam,LeCure,N/A,P,30171,Sam LeCure,R
leecl02,Cliff Lee,Cliff,Lee,N/A,P,5353,Cliff Lee,L
leonedo01,Dominic Leone,Dominic,Leone,TOR,P,33155,Dominic Leone,R
lerouch01,Chris Leroux,Chris,Leroux,N/A,P,,,R
lestejo01,Jon Lester,Jon,Lester,CHC,P,28487,Jon Lester,L
lewisco01,Colby Lewis,Colby,Lewis,TEX,P,5067,Colby Lewis,R
lidgebr01,Brad Lidge,Brad,Lidge,N/A,P,,,R
lillyte01,Ted Lilly,Ted,Lilly,N/A,P,,,L
linceti01,Tim Lincecum,Tim,Lincecum,N/A,P,28705,Tim Lincecum,R
lincobr01,Brad Lincoln,Brad,Lincoln,N/A,P,29953,Brad Lincoln,R
lindbjo01,Josh Lindblom,Josh,Lindblom,N/A,P,30585,Josh Lindblom,R
lindsma01,Matt Lindstrom,Matt,Lindstrom,N/A,P,28682,Matt Lindstrom,R
liriafr01,Francisco Liriano,Francisco,Liriano,TOR,P,6211,Francisco Liriano,L
lobstky01,Kyle Lobstein,Kyle,Lobstein,MIA,P,31756,Kyle Lobstein,L
lockeje01,Jeff Locke,Jeff,Locke,MIA,P,31068,Jeff Locke,L
loeka01,Kameron Loe,Kameron,Loe,N/A,P,6136,Kameron Loe,R
loganbo02,Boone Logan,Boone,Logan,CLE,P,6486,Boone Logan,L
lohseky01,Kyle Lohse,Kyle,Lohse,N/A,P,4789,Kyle Lohse,R
lopezja02,Javier Lopez,Javier,Lopez,N/A,P,5388,Javier Lopez,L
lopezre01,Reynaldo Lopez,Reynaldo,Lopez,CHW,P,33860,Reynaldo Lopez,R
lopezwi01,Wilton Lopez,Wilton,Lopez,N/A,P,29278,Wilton Lopez,R
lorenmi01,Michael Lorenzen,Michael,Lorenzen,CIN,P,33252,Michael Lorenzen,R
loupaa01,Aaron Loup,Aaron,Loup,TOR,P,32397,Aaron Loup,L
lowede01,Derek Lowe,Derek,Lowe,N/A,P,,,R
lowema01,Mark Lowe,Mark,Lowe,DET,P,28511,Mark Lowe,R
luebkco01,Cory Luebke,Cory,Luebke,N/A,P,30580,Cory Luebke,L
luetglu01,Lucas Luetge,Lucas,Luetge,CIN,P,32030,Lucas Luetge,L
lugose01,Seth Lugo,Seth,Lugo,NYM,P,,,R
lylesjo01,Jordan Lyles,Jordan,Lyles,COL,P,31061,Jordan Lyles,R
lynnla01,Lance Lynn,Lance,Lynn,STL,P,30820,Lance Lynn,R
lyonbr01,Brandon Lyon,Brandon,Lyon,N/A,P,,,R
lyonsty01,Tyler Lyons,Tyler,Lyons,STL,P,32641,Tyler Lyons,L
machije01,Jean Machi,Jean,Machi,N/A,P,29954,Jean Machi,R
madsory01,Ryan Madson,Ryan,Madson,OAK,P,5382,Ryan Madson,R
maedake01,Kenta Maeda,Kenta,Maeda,LAD,P,34892,Kenta Maeda,R
maholpa01,Paul Maholm,Paul,Maholm,N/A,P,6398,Paul Maholm,L
mainejo01,John Maine,John,Maine,N/A,P,,,R
mainesc01,Scott Maine,Scott,Maine,N/A,P,,,L
manaese01,Sean Manaea,Sean,Manaea,OAK,P,33244,Sean Manaea,L
manesse01,Seth Maness,Seth,Maness,N/A,P,32639,Seth Maness,R
mannima01,Matt Manning,Matt,Manning,DET,P,,,R
marcush01,Shaun Marcum,Shaun,Marcum,N/A,P,6427,Shaun Marcum,R
marmoca01,Carlos Marmol,Carlos,Marmol,N/A,P,28486,Carlos Marmol,R
maronni01,Nick Maronde,Nick,Maronde,MIA,P,32138,Nick Maronde,L
marquge01,German Marquez,German,Marquez,COL,P,,,R
marquja01,Jason Marquis,Jason,Marquis,N/A,P,4409,Jason Marquis,R
marshev01,Evan Marshall,Evan,Marshall,ARI,P,32100,Evan Marshall,R
marshse01,Sean Marshall,Sean,Marshall,N/A,P,6489,Sean Marshall,L
martefr01,Francis Martes,Francis,Martes,HOU,P,34965,Francis Martes,R
martelu01,Luis Marte,Luis,Marte,N/A,P,32024,Luis Marte,R
martevi01,Victor Marte,Victor,Marte,N/A,P,30377,Victor Marte,R
martica04,Carlos Martinez,Carlos,Martinez,STL,P,31340,Carlos Martinez,R
martico01,Cody Martin,Cody,Martin,SEA,P,33135,Cody Martin,R
marticr01,Cristhian Martinez,Cristhian,Martinez,N/A,P,30362,Cristhian Martinez,R
martini01,Nick Martinez,Nick,Martinez,TEX,P,33372,Nick Martinez,R
masseni01,Nick Masset,Nick,Masset,N/A,P,28505,Nick Masset,R
masteju01,Justin Masterson,Justin,Masterson,N/A,P,28977,Justin Masterson,R
matsuda01,Daisuke Matsuzaka,Daisuke,Matsuzaka,N/A,P,28631,Daisuke Matsuzaka,R
matthry01,Ryan Mattheus,Ryan,Mattheus,N/A,P,30350,Ryan Mattheus,R
matusbr01,Brian Matusz,Brian,Matusz,N/A,P,29938,Brian Matusz,L
matzety01,Tyler Matzek,Tyler,Matzek,N/A,P,31264,Tyler Matzek,L
matzst01,Steven Matz,Steven,Matz,NYM,P,33106,Steven Matz,L
maurebr01,Brandon Maurer,Brandon,Maurer,SD,P,32595,Brandon Maurer,R
maytr01,Trevor May,Trevor,May,MIN,P,31263,Trevor May,R
mcallza01,Zach McAllister,Zach,McAllister,CLE,P,30546,Zach McAllister,R
mccarbr01,Brandon McCarthy,Brandon,McCarthy,LAD,P,6191,Brandon McCarthy,R
mccleky01,Kyle McClellan,Kyle,McClellan,N/A,P,,,R
mcclemi01,Mike McClendon,Mike,McClendon,N/A,P,,,R
mcculla02,Lance McCullers,Lance,McCullers,HOU,P,32764,Lance McCullers,R
mcdonja03,James McDonald,James,McDonald,N/A,P,29243,James McDonald,R
mcgeeja01,Jake McGee,Jake,McGee,COL,P,28959,Jake McGee,L
mcgowdu01,Dustin McGowan,Dustin,McGowan,MIA,P,5919,Dustin McGowan,R
mchugco01,Collin McHugh,Collin,McHugh,HOU,P,32569,Collin McHugh,R
mckentr01,Triston McKenzie,Triston,McKenzie,CLE,P,,,R
mcpheky01,Kyle McPherson,Kyle,McPherson,N/A,P,31069,Kyle McPherson,R
mechegi01,Gil Meche,Gil,Meche,N/A,P,,,R
medinad01,Adonis Medina,Adonis,Medina,PHI,P,,,R
medinyo01,Yoervis Medina,Yoervis,Medina,N/A,P,31110,Yoervis Medina,R
medlekr01,Kris Medlen,Kris,Medlen,N/A,P,30264,Kris Medlen,R
meekev01,Evan Meek,Evan,Meek,N/A,P,28934,Evan Meek,R
mejiaad01,Adalberto Mejia,Adalberto,Mejia,MIN,P,33198,Adalberto Mejia,L
mejiaje01,Jenrry Mejia,Jenrry,Mejia,N/A,P,30541,Jenry Mejia,R
melanma01,Mark Melancon,Mark,Melancon,SF,P,29446,Mark Melancon,R
mendeyo01,Yohander Mendez,Yohander,Mendez,TEX,P,,,L
mendolu01,Luis Mendoza,Luis,Mendoza,N/A,P,28906,Luis Mendoza,R
mengdda01,Daniel Mengden,Daniel,Mengden,OAK,P,35096,Daniel Mengden,R
meyeral01,Alex Meyer,Alex,Meyer,LAA,P,32173,Alex Meyer,R
mijarjo01,Jose Mijares,Jose,Mijares,N/A,P,29236,Jose Mijares,L
mileywa01,Wade Miley,Wade,Miley,BAL,P,31094,Wade Miley,L
millean01,Andrew Miller,Andrew,Miller,CLE,P,28563,Andrew Miller,L
milleja05,Jared Miller,Jared,Miller,ARI,P,,,L
milleji02,Jim Miller,Jim,Miller,N/A,P,,,R
milleju02,Justin Miller,Justin,Miller,LAA,P,31364,Justin Miller,R
millesh01,Shelby Miller,Shelby,Miller,ARI,P,30738,Shelby Miller,R
millsal02,Alec Mills,Alec,Mills,CHC,P,34863,Alec Mills,R
millsbr02,Brad Mills,Brad,Mills,SEA,P,30201,Brad Mills,L
millwke01,Kevin Millwood,Kevin,Millwood,N/A,P,,,R
milonto01,Tommy Milone,Tommy,Milone,MIL,P,31706,Tommy Milone,L
minormi01,Mike Minor,Mike,Minor,KC,P,30624,Mike Minor,L
miranar01,Ariel Miranda,Ariel,Miranda,SEA,P,35305,Ariel Miranda,L
mitchbr01,Bryan Mitchell,Bryan,Mitchell,NYY,P,31910,Bryan Mitchell,R
mitchdj01,D.J. Mitchell,D.J.,Mitchell,N/A,P,30673,D.J. Mitchell,R
montafr02,Frankie Montas,Frankie,Montas,OAK,P,33249,Frankie Montas,R
montera01,Rafael Montero,Rafael,Montero,NYM,P,32631,Rafael Montero,R
montgjo01,Jordan Montgomery,Jordan,Montgomery,NYY,P,,,L
montgmi01,Michael Montgomery,Michael,Montgomery,CHC,P,31092,Mike Montgomery,L
moorema02,Matt Moore,Matt,Moore,SF,P,31099,Matt Moore,L
moralfr01,Franklin Morales,Franklin,Morales,N/A,P,28675,Franklin Morales,L
morgaad01,Adam Morgan,Adam,Morgan,PHI,P,32636,Adam Morgan,L
morimsh01,Shawn Morimando,Shawn,Morimando,CLE,P,34866,Shawn Morimando,L
morribr01,Bryan Morris,Bryan,Morris,SF,P,30497,Bryan Morris,R
morrobr01,Brandon Morrow,Brandon,Morrow,N/A,P,28734,Brandon Morrow,R
mortoch02,Charlie Morton,Charlie,Morton,HOU,P,29155,Charlie Morton,R
moscogu01,Guillermo Moscoso,Guillermo,Moscoso,N/A,P,,,R
moseldu01,Dustin Moseley,Dustin,Moseley,N/A,P,,,R
motagu01,Guillermo Mota,Guillermo,Mota,N/A,P,,,R
motteja01,Jason Motte,Jason,Motte,COL,P,29256,Jason Motte,R
moylape01,Peter Moylan,Peter,Moylan,N/A,P,6500,Peter Moylan,R
mujiced01,Edward Mujica,Edward,Mujica,DET,P,28501,Edward Mujica,R
musgrjo01,Joe Musgrove,Joe,Musgrove,HOU,P,34848,Joe Musgrove,R
myersbr01,Brett Myers,Brett,Myers,N/A,P,,,R
narvech01,Chris Narveson,Chris,Narveson,N/A,P,,,L
nathajo01,Joe Nathan,Joe,Nathan,WAS,P,4044,Joe Nathan,R
nelsoji02,Jimmy Nelson,Jimmy,Nelson,MIL,P,32738,Jimmy Nelson,R
nerishe01,Hector Neris,Hector,Neris,PHI,P,32377,Hector Neris,R
neshepa01,Pat Neshek,Pat,Neshek,PHI,P,28489,Pat Neshek,R
newcose01,Sean Newcomb,Sean,Newcomb,ATL,P,33856,Sean Newcomb,L
nicasju01,Juan Nicasio,Juan,Nicasio,PIT,P,30511,Juan Nicasio,R
nicolju01,Justin Nicolino,Justin,Nicolino,MIA,P,31708,Justin Nicolino,L
niemaje01,Jeff Niemann,Jeff,Niemann,N/A,P,6243,Jeff Niemann,R
niesejo01,Jon Niese,Jon,Niese,N/A,P,29219,Jonathan Niese,L
noesihe01,Hector Noesi,Hector,Noesi,N/A,P,30502,Hector Noesi,R
nolaaa01,Aaron Nola,Aaron,Nola,PHI,P,33709,Aaron Nola,R
nolasri01,Ricky Nolasco,Ricky,Nolasco,LAA,P,6491,Ricky Nolasco,R
nolinse01,Sean Nolin,Sean,Nolin,MIL,P,32709,Sean Nolin,L
norbejo01,Jordan Norberto,Jordan,Norberto,N/A,P,30406,Jordan Norberto,L
norribu01,Bud Norris,Bud,Norris,N/A,P,30369,Bud Norris,R
norrida01,Daniel Norris,Daniel,Norris,DET,P,33199,Daniel Norris,L
novaiv01,Ivan Nova,Ivan,Nova,PIT,P,30400,Ivan Nova,R
nunovi01,Vidal Nuno,Vidal,Nuno,BAL,P,32706,Vidal Nuno,L
oberhbr01,Brett Oberholtzer,Brett,Oberholtzer,TOR,P,31113,Brett Oberholtzer,L
odayda01,Darren O'Day,Darren,O'Day,BAL,P,29081,Darren O'Day,R
odorija01,Jake Odorizzi,Jake,Odorizzi,TB,P,31654,Jake Odorizzi,R
oflaher01,Eric O'Flaherty,Eric,O'Flaherty,ATL,P,28549,Eric O'Flaherty,L
ogandal01,Alexi Ogando,Alexi,Ogando,ATL,P,30549,Alexi Ogando,R
ohse01,Seung-hwan Oh,Seung-hwan,Oh,STL,P,34893,Seung Hwan Oh,R
okertst01,Steven Okert,Steven,Okert,SF,P,33716,Steven Okert,L
oliveda02,Darren Oliver,Darren,Oliver,N/A,P,2969,Darren Oliver,L
olivele01,Lester Oliveros,Lester,Oliveros,N/A,P,30804,Lester Oliveros,R
ondrulo01,Logan Ondrusek,Logan,Ondrusek,N/A,P,30393,Logan Ondrusek,R
ortizlu02,Luis Ortiz,Luis,Ortiz,MIL,P,,,R
osunaro01,Roberto Osuna,Roberto,Osuna,TOR,P,32693,Roberto Osuna,R
oswalro01,Roy Oswalt,Roy,Oswalt,N/A,P,4575,Roy Oswalt,R
oteroda01,Dan Otero,Dan,Otero,CLE,P,30328,Dan Otero,R
ottavad01,Adam Ottavino,Adam,Ottavino,COL,P,29705,Adam Ottavino,R
outmajo01,Josh Outman,Josh,Outman,N/A,P,29251,Josh Outman,L
overtdi01,Dillon Overton,Dillon,Overton,SEA,P,,,L
oviedju01,Juan Oviedo,Juan,Oviedo,N/A,P,6272,Juan Carlos Oviedo,R
owenshe02,Henry Owens,Henry,Owens,BOS,P,33211,Henry Owens,L
owingmi01,Micah Owings,Micah,Owings,N/A,P,,,R
padilvi01,Vicente Padilla,Vicente,Padilla,N/A,P,,,R
papeljo01,Jonathan Papelbon,Jonathan,Papelbon,N/A,P,6373,Jonathan Papelbon,R
parkeja02,Jarrod Parker,Jarrod,Parker,N/A,P,29806,Jarrod Parker,R
parnebo01,Bobby Parnell,Bobby,Parnell,KC,P,29227,Bobby Parnell,R
parrama01,Manny Parra,Manny,Parra,N/A,P,28827,Manny Parra,L
pattotr01,Troy Patton,Troy,Patton,N/A,P,28686,Troy Patton,L
pauleda01,David Pauley,David,Pauley,N/A,P,,,R
paulida01,David Paulino,David,Paulino,HOU,P,,,R
paulife01,Felipe Paulino,Felipe,Paulino,N/A,P,28871,Felipe Paulino,R
pavanca01,Carl Pavano,Carl,Pavano,N/A,P,,,R
paxtoja01,James Paxton,James,Paxton,SEA,P,31980,James Paxton,L
peacobr01,Brad Peacock,Brad,Peacock,HOU,P,31591,Brad Peacock,R
peavyja01,Jake Peavy,Jake,Peavy,N/A,P,5019,Jake Peavy,R
pelfrmi01,Mike Pelfrey,Mike,Pelfrey,DET,P,28507,Mike Pelfrey,R
pennybr01,Brad Penny,Brad,Penny,N/A,P,4115,Brad Penny,R
peraljo01,Joel Peralta,Joel,Peralta,N/A,P,6287,Joel Peralta,R
peralwi01,Wily Peralta,Wily,Peralta,MIL,P,31140,Wily Peralta,R
perdolu01,Luis Perdomo,Luis,Perdomo,N/A,P,,,R
perdolu02,Luis Perdomo,Luis,Perdomo,SD,P,35970,Luis Perdomo,R
perezch01,Chris Perez,Chris,Perez,N/A,P,29134,Chris Perez,R
perezfr01,Franklin Perez,Franklin,Perez,HOU,P,,,R
perezlu01,Luis Perez,Luis,Perez,N/A,P,30083,Luis Perez,L
perezma02,Martin Perez,Martin,Perez,TEX,P,31098,Martin Perez,L
perezol01,Oliver Perez,Oliver,Perez,WAS,P,5192,Oliver Perez,L
perezwi01,Williams Perez,Williams,Perez,CHC,P,33650,Williams Perez,R
perkigl01,Glen Perkins,Glen,Perkins,MIN,P,6482,Glen Perkins,L
pestavi01,Vinnie Pestano,Vinnie,Pestano,N/A,P,30964,Vinnie Pestano,R
peterdi01,Dillon Peters,Dillon,Peters,MIA,P,,,L
petityu01,Yusmeiro Petit,Yusmeiro,Petit,LAA,P,6470,Yusmeiro Petit,R
petrija01,Jake Petricka,Jake,Petricka,CHW,P,31842,Jake Petricka,R
pettian01,Andy Pettitte,Andy,Pettitte,N/A,P,3171,Andy Pettitte,L
pettijo01,Jonathan Pettibone,Jonathan,Pettibone,N/A,P,31849,Jonathan Pettibone,R
phelpda01,David Phelps,David,Phelps,MIA,P,31124,David Phelps,R
pinedmi01,Michael Pineda,Michael,Pineda,NYY,P,30937,Michael Pineda,R
pineijo01,Joel Pineiro,Joel,Pineiro,N/A,P,,,R
pintri01,Riley Pint,Riley,Pint,COL,P,,,R
pomerdr01,Drew Pomeranz,Drew,Pomeranz,BOS,P,31010,Drew Pomeranz,L
pomerst01,Stuart Pomeranz,Stuart,Pomeranz,N/A,P,,,R
porceri01,Rick Porcello,Rick,Porcello,BOS,P,29966,Rick Porcello,R
poundbr01,Brooks Pounders,Brooks,Pounders,LAA,P,34902,Brooks Pounders,R
pressry01,Ryan Pressly,Ryan,Pressly,MIN,P,33072,Ryan Pressly,R
priceda01,David Price,David,Price,BOS,P,28958,David Price,L
pryorst01,Stephen Pryor,Stephen,Pryor,N/A,P,31922,Stephen Pryor,R
pukaj01,A.J. Puk,A.J.,Puk,OAK,P,,,L
putnaza01,Zach Putnam,Zach,Putnam,CHW,P,30483,Zach Putnam,R
putzjj01,J.J. Putz,J.J.,Putz,N/A,P,5640,J.J. Putz,R
quackke01,Kevin Quackenbush,Kevin,Quackenbush,SD,P,32396,Kevin Quackenbush,R
quallch01,Chad Qualls,Chad,Qualls,COL,P,6034,Chad Qualls,R
quantca01,Cal Quantrill,Cal,Quantrill,SD,P,,,R
quintjo01,Jose Quintana,Jose,Quintana,CHW,P,32106,Jose Quintana,L
ramirel02,Elvin Ramirez,Elvin,Ramirez,N/A,P,31121,Elvin Ramirez,R
ramirer02,Erasmo Ramirez,Erasmo,Ramirez,TB,P,31983,Erasmo Ramirez,R
ramirjc01,J.C. Ramirez,J.C.,Ramirez,LAA,P,,,R
ramirne01,Neil Ramirez,Neil,Ramirez,SF,P,29942,Neil Ramirez,R
ramirra02,Ramon Ramirez,Ramon,Ramirez,N/A,P,,,R
ramosaj01,A.J. Ramos,A.J.,Ramos,MIA,P,32104,A.J. Ramos,R
ramosce01,Cesar Ramos,Cesar,Ramos,PHI,P,29734,Cesar Ramos,L
ramosed02,Edubray Ramos,Edubray,Ramos,PHI,P,,,R
rapadcl01,Clay Rapada,Clay,Rapada,N/A,P,28807,Clay Rapada,L
rasmuco02,Cory Rasmus,Cory,Rasmus,N/A,P,31984,Cory Rasmus,R
rauchjo01,Jon Rauch,Jon,Rauch,N/A,P,4572,Jon Rauch,R
ravenad01,Adam Ravenelle,Adam,Ravenelle,DET,P,,,R
ravinjo01,Josh Ravin,Josh,Ravin,LAD,P,,,R
rayro02,Robbie Ray,Robbie,Ray,ARI,P,32175,Robbie Ray,L
reaco01,Colin Rea,Colin,Rea,SD,P,33950,Colin Rea,R
redmoto01,Todd Redmond,Todd,Redmond,N/A,P,30082,Todd Redmond,R
reedad01,Addison Reed,Addison,Reed,NYM,P,31493,Addison Reed,R
reedco01,Cody Reed,Cody,Reed,CIN,P,34884,Cody Reed,L
reidfse01,Sean Reid-Foley,Sean,Reid-Foley,TOR,P,,,R
resopch01,Chris Resop,Chris,Resop,N/A,P,,,R
reyesal01,Alex Reyes,Alex,Reyes,STL,P,33213,Alex Reyes,R
reynoma02,Matt Reynolds,Matt,Reynolds,SF,P,30604,Matt Reynolds,L
rhodear01,Arthur Rhodes,Arthur,Rhodes,N/A,P,2578,Arthur Rhodes,L
richacl01,Clayton Richard,Clayton,Richard,SD,P,29195,Clayton Richard,L
richaga01,Garrett Richards,Garrett,Richards,LAA,P,30892,Garrett Richards,R
richmsc01,Scott Richmond,Scott,Richmond,N/A,P,,,R
rienzan01,Andre Rienzo,Andre,Rienzo,SD,P,31935,Andre Rienzo,R
riverfe01,Felipe Rivero,Felipe,Rivero,PIT,P,32562,Felipe Rivero,L
riverma01,Mariano Rivera,Mariano,Rivera,N/A,P,3240,Mariano Rivera,R
roarkta01,Tanner Roark,Tanner,Roark,WAS,P,31593,Tanner Roark,R
roberda08,David Robertson,David,Robertson,CHW,P,29172,David Robertson,R
roberty01,Tyler Robertson,Tyler,Robertson,N/A,P,31937,Tyler Robertson,L
robleha01,Hansel Robles,Hansel,Robles,NYM,P,32666,Hansel Robles,R
rodgebr02,Brendan Rodgers,Brendan,Rodgers,COL,P,35073,Brendan Rodgers,R
rodnefe01,Fernando Rodney,Fernando,Rodney,ARI,P,5111,Fernando Rodney,R
rodonca01,Carlos Rodon,Carlos,Rodon,CHW,P,33696,Carlos Rodon,L
rodrian01,Aneury Rodriguez,Aneury,Rodriguez,N/A,P,30987,Aneury Rodriguez,R
rodried05,Eduardo Rodriguez,Eduardo,Rodriguez,BOS,P,32675,Eduardo Rodriguez,L
rodrife02,Fernando Rodriguez,Fernando,Rodriguez,CHC,P,29326,Fernando Rodriguez,R
rodrifr03,Francisco Rodriguez,Francisco,Rodriguez,DET,P,5357,Francisco Rodriguez,R
rodrihe03,Henry Rodriguez,Henry,Rodriguez,N/A,P,31331,Henry Rodriguez,R
rodrist02,Paco Rodriguez,Paco,Rodriguez,N/A,P,32579,Paco Rodriguez,L
rodriwa01,Wandy Rodriguez,Wandy,Rodriguez,N/A,P,6286,Wandy Rodriguez,L
rogeres01,Esmil Rogers,Esmil,Rogers,N/A,P,30008,Esmil Rogers,R
rogerma01,Mark Rogers,Mark,Rogers,N/A,P,30064,Mark Rogers,R
rogerta01,Taylor Rogers,Taylor,Rogers,MIN,P,33671,Taylor Rogers,L
romerri01,Ricky Romero,Ricky,Romero,N/A,P,30025,Ricky Romero,L
romose01,Sergio Romo,Sergio,Romo,LAD,P,29168,Sergio Romo,R
rondobr01,Bruce Rondon,Bruce,Rondon,DET,P,31943,Bruce Rondon,R
rondohe01,Hector Rondon,Hector,Rondon,CHC,P,30089,Hector Rondon,R
rosajo01,Jorge de la Rosa,Jorge,de la Rosa,ARI,P,5906,Jorge De La Rosa,L
rosenda01,Daniel Rosenbaum,Daniel,Rosenbaum,N/A,P,31711,Danny Rosenbaum,L
rosentr01,Trevor Rosenthal,Trevor,Rosenthal,STL,P,31945,Trevor Rosenthal,R
rossjo01,Joe Ross,Joe,Ross,WAS,P,32684,Joe Ross,R
rossro01,Robbie Ross,Robbie,Ross,BOS,P,32051,Robbie Ross,L
rossty01,Tyson Ross,Tyson,Ross,TEX,P,30099,Tyson Ross,R
rowlary01,Ryan Rowland-Smith,Ryan,Rowland-Smith,N/A,P,6183,Ryan Rowland-Smith,L
runzlda01,Dan Runzler,Dan,Runzler,N/A,P,,,L
rusinch01,Chris Rusin,Chris,Rusin,COL,P,31987,Chris Rusin,L
russeja02,James Russell,James,Russell,N/A,P,30592,James Russell,L
ryuhy01,Hyun-Jin Ryu,Hyun-Jin,Ryu,LAD,P,32582,Hyun-Jin Ryu,L
rzepcma01,Marc Rzepczynski,Marc,Rzepczynski,SEA,P,30366,Marc Rzepczynski,L
sabatc.01,CC Sabathia,CC,Sabathia,NYY,P,4553,CC Sabathia,L
saitota01,Takashi Saito,Takashi,Saito,N/A,P,6498,Takashi Saito,R
salasfe01,Fernando Salas,Fernando,Salas,N/A,P,30650,Fernando Salas,R
salazda01,Danny Salazar,Danny,Salazar,CLE,P,32095,Danny Salazar,R
salech01,Chris Sale,Chris,Sale,BOS,P,30948,Chris Sale,L
samarje01,Jeff Samardzija,Jeff,Samardzija,SF,P,29166,Jeff Samardzija,R
sanabal01,Alex Sanabia,Alex,Sanabia,N/A,P,30941,Alex Sanabia,R
sanchaa01,Aaron Sanchez,Aaron,Sanchez,TOR,P,31254,Aaron Sanchez,R
sanchan01,Anibal Sanchez,Anibal,Sanchez,DET,P,6472,Anibal Sanchez,R
sanched01,Eduardo Sanchez,Eduardo,Sanchez,N/A,P,30575,Eduardo Sanchez,R
sanchjo01,Jonathan Sanchez,Jonathan,Sanchez,KC,P,,,L
santaer01,Ervin Santana,Ervin,Santana,MIN,P,6280,Ervin Santana,R
santajo02,Johan Santana,Johan,Santana,N/A,P,4280,Johan Santana,L
santihe01,Hector Santiago,Hector,Santiago,MIN,P,30744,Hector Santiago,L
santose01,Sergio Santos,Sergio,Santos,N/A,P,29542,Sergio Santos,R
saundjo01,Joe Saunders,Joe,Saunders,N/A,P,6383,Joe Saunders,L
saupowa01,Warwick Saupold,Warwick,Saupold,DET,P,35048,Warwick Saupold,R
schafjo02,Jordan Schafer,Jordan,Schafer,STL,P,28971,Jordan Schafer,L
schepta01,Tanner Scheppers,Tanner,Scheppers,TEX,P,30454,Tanner Scheppers,R
scherma01,Max Scherzer,Max,Scherzer,WAS,P,28976,Max Scherzer,R
schwich01,Chris Schwinden,Chris,Schwinden,N/A,P,32025,Chris Schwinden,R
scribev01,Evan Scribner,Evan,Scribner,SEA,P,30970,Evan Scribner,R
senzaan01,Antonio Senzatela,Antonio,Senzatela,COL,P,,,R
severlu01,Luis Severino,Luis,Severino,NYY,P,33263,Luis Severino,R
shawbr01,Bryan Shaw,Bryan,Shaw,CLE,P,30589,Bryan Shaw,R
sheetbe01,Ben Sheets,Ben,Sheets,N/A,P,,,R
sheffju01,Justus Sheffield,Justus,Sheffield,NYY,P,,,L
sherrge01,George Sherrill,George,Sherrill,N/A,P,,,L
shielja02,James Shields,James,Shields,CHW,P,28474,James Shields,R
shiplbr01,Braden Shipley,Braden,Shipley,ARI,P,33216,Braden Shipley,R
shoemma01,Matt Shoemaker,Matt,Shoemaker,LAA,P,32058,Matt Shoemaker,R
shrevch01,Chasen Shreve,Chasen,Shreve,NYY,P,33014,Chasen Shreve,L
siegrke01,Kevin Siegrist,Kevin,Siegrist,STL,P,32059,Kevin Siegrist,L
silvaca01,Carlos Silva,Carlos,Silva,N/A,P,,,R
simmosh01,Shae Simmons,Shae,Simmons,ATL,P,,,R
simonal01,Alfredo Simon,Alfredo,Simon,N/A,P,28699,Alfredo Simon,R
sippto01,Tony Sipp,Tony,Sipp,HOU,P,28673,Tony Sipp,L
skaggty01,Tyler Skaggs,Tyler,Skaggs,LAA,P,31221,Tyler Skaggs,L
sloweke01,Kevin Slowey,Kevin,Slowey,N/A,P,28692,Kevin Slowey,R
smithca02,Carson Smith,Carson,Smith,BOS,P,32628,Carson Smith,R
smithjo05,Joe Smith,Joe,Smith,TOR,P,28729,Joe Smith,R
smithwi04,Will Smith,Will,Smith,SF,P,31549,Will Smith,L
smokejo01,Josh Smoker,Josh,Smoker,NYM,P,,,L
smylydr01,Drew Smyly,Drew,Smyly,SEA,P,31816,Drew Smyly,L
snellbl01,Blake Snell,Blake,Snell,TB,P,33748,Blake Snell,L
snellia01,Ian Snell,Ian,Snell,N/A,P,,,R
solissa01,Sammy Solis,Sammy,Solis,WAS,P,31041,Sammy Solis,L
soriajo01,Joakim Soria,Joakim,Soria,KC,P,28688,Joakim Soria,R
soriara01,Rafael Soriano,Rafael,Soriano,N/A,P,4600,Rafael Soriano,R
sorokmi01,Mike Soroka,Mike,Soroka,ATL,P,,,R
stammcr01,Craig Stammen,Craig,Stammen,N/A,P,30361,Craig Stammen,R
staufti01,Tim Stauffer,Tim,Stauffer,N/A,P,6207,Tim Stauffer,R
stephro01,Robert Stephenson,Robert,Stephenson,CIN,P,32134,Robert Stephenson,R
stewabr01,Brock Stewart,Brock,Stewart,LAD,P,35997,Brock Stewart,R
stewako01,Kohl Stewart,Kohl,Stewart,MIN,P,33219,Kohl Stewart,R
stinsjo01,Josh Stinson,Josh,Stinson,N/A,P,30614,Josh Stinson,R
storedr01,Drew Storen,Drew,Storen,CIN,P,30534,Drew Storen,R
storemi01,Mickey Storey,Mickey,Storey,N/A,P,32564,Mickey Storey,R
strahma01,Matt Strahm,Matt,Strahm,KC,P,34862,Matt Strahm,L
straida01,Dan Straily,Dan,Straily,MIA,P,32563,Dan Straily,R
strasst01,Stephen Strasburg,Stephen,Strasburg,WAS,P,30373,Stephen Strasburg,R
streehu01,Huston Street,Huston,Street,LAA,P,6175,Huston Street,R
strichu01,Hunter Strickland,Hunter,Strickland,SF,P,32589,Hunter Strickland,R
stripro01,Ross Stripling,Ross,Stripling,LAD,P,32789,Ross Stripling,R
stromma01,Marcus Stroman,Marcus,Stroman,TOR,P,32815,Marcus Stroman,R
stroppe01,Pedro Strop,Pedro,Strop,CHC,P,29763,Pedro Strop,R
sttuemi01,Michael Stutes,Michael,Stutes,N/A,P,30886,Michael Stutes,R
stulter01,Eric Stults,Eric,Stults,N/A,P,28591,Eric Stults,L
swarzan01,Anthony Swarzak,Anthony,Swarzak,CHW,P,30153,Anthony Swarzak,R
swindr.01,R.J. Swindle,R.J.,Swindle,N/A,P,,,L
syndeno01,Noah Syndergaard,Noah,Syndergaard,NYM,P,31730,Noah Syndergaard,R
szaputh01,Thomas Szapucki,Thomas,Szapucki,NYM,P,,,L
taillja01,Jameson Taillon,Jameson,Taillon,PIT,P,31258,Jameson Taillon,R
takahhi01,Hisanori Takahashi,Hisanori,Takahashi,N/A,P,,,L
talbomi01,Mitch Talbot,Mitch,Talbot,N/A,P,,,R
tanakma01,Masahiro Tanaka,Masahiro,Tanaka,NYY,P,33150,Masahiro Tanaka,R
tatedi01,Dillon Tate,Dillon,Tate,NYY,P,34950,Dillon Tate,R
tateyyo01,Yoshinori Tateyama,Yoshinori,Tateyama,N/A,P,,,R
tayloan01,Andrew Taylor,Andrew,Taylor,N/A,P,30568,Andrew Taylor,L
tazawju01,Junichi Tazawa,Junichi,Tazawa,MIA,P,30095,Junichi Tazawa,R
teherju01,Julio Teheran,Julio,Teheran,ATL,P,31091,Julio Teheran,R
tepesni01,Nick Tepesch,Nick,Tepesch,MIN,P,32700,Nick Tepesch,R
thatcjo01,Joe Thatcher,Joe,Thatcher,N/A,P,28836,Joe Thatcher,L
thayeda01,Dale Thayer,Dale,Thayer,N/A,P,29817,Dale Thayer,R
thomaju01,Justin Thomas,Justin,Thomas,N/A,P,,,L
thompja03,Jake Thompson,Jake,Thompson,PHI,P,32832,Jake Thompson,R
thornma01,Matt Thornton,Matt,Thornton,N/A,P,5650,Matt Thornton,L
thornty01,Tyler Thornburg,Tyler,Thornburg,BOS,P,31887,Tyler Thornburg,R
tillmch01,Chris Tillman,Chris,Tillman,BAL,P,30285,Chris Tillman,R
tollesh01,Shawn Tolleson,Shawn,Tolleson,TB,P,31886,Shawn Tolleson,R
tomlijo01,Josh Tomlin,Josh,Tomlin,CLE,P,30944,Josh Tomlin,R
torreal01,Alex Torres,Alex,Torres,N/A,P,31125,Alex Torres,L
torreca01,Carlos Torres,Carlos,Torres,MIL,P,29347,Carlos Torres,R
treinbl01,Blake Treinen,Blake,Treinen,WAS,P,32185,Blake Treinen,R
triggan01,Andrew Triggs,Andrew,Triggs,OAK,P,33589,Andrew Triggs,R
tropeni01,Nicholas Tropeano,Nicholas,Tropeano,LAA,P,33170,Nick Tropeano,R
turneja01,Jacob Turner,Jacob,Turner,WAS,P,30526,Jacob Turner,R
ueharko01,Koji Uehara,Koji,Uehara,CHC,P,30130,Koji Uehara,R
urenajo01,Jose Urena,Jose,Urena,MIA,P,33107,Jose Urena,R
uriasju01,Julio Urias,Julio,Urias,LAD,P,33223,Julio Urias,L
valdejo01,Jose Valdez,Jose,Valdez,N/A,P,29468,Jose Valdez,R
valdera02,Raul Valdes,Raul,Valdes,N/A,P,30889,Raul Valdes,L
valvejo01,Jose Valverde,Jose,Valverde,N/A,P,5504,Jose Valverde,R
vanderi01,Rick VandenHurk,Rick,VandenHurk,N/A,P,,,R
vargace01,Cesar Vargas,Cesar,Vargas,SD,P,33877,Cesar Vargas,R
vargaja01,Jason Vargas,Jason,Vargas,KC,P,6352,Jason Vargas,L
varvaan01,Anthony Varvaro,Anthony,Varvaro,N/A,P,30386,Anthony Varvaro,R
vasques01,Esmerling Vasquez,Esmerling,Vasquez,N/A,P,,,R
vazquja01,Javier Vazquez,Javier,Vazquez,N/A,P,,,R
velasvi01,Vincent Velasquez,Vincent,Velasquez,PHI,P,31878,Vincent Velasquez,R
ventejo01,Jonny Venters,Jonny,Venters,N/A,P,30509,Jonny Venters,L
ventuyo01,Yordano Ventura,Yordano,Ventura,N/A,P,31876,Yordano Ventura,R
verasjo01,Jose Veras,Jose,Veras,N/A,P,28498,Jose Veras,R
verlaju01,Justin Verlander,Justin,Verlander,DET,P,6341,Justin Verlander,R
verrelo01,Logan Verrett,Logan,Verrett,BAL,P,33131,Logan Verrett,R
villabr02,Brayan Villarreal,Brayan,Villarreal,N/A,P,31131,Brayan Villarreal,R
villaca01,Carlos Villanueva,Carlos,Villanueva,N/A,P,28466,Carlos Villanueva,R
vinceni01,Nick Vincent,Nick,Vincent,SEA,P,31540,Nick Vincent,R
vizcaar01,Arodys Vizcaino,Arodys,Vizcaino,ATL,P,31087,Arodys Vizcaino,R
vogelry01,Ryan Vogelsong,Ryan,Vogelsong,MIN,P,4514,Ryan Vogelsong,R
volqued01,Edinson Volquez,Edinson,Volquez,MIA,P,6401,Edinson Volquez,R
volstch01,Chris Volstad,Chris,Volstad,CHW,P,28874,Chris Volstad,R
wachami01,Michael Wacha,Michael,Wacha,STL,P,32640,Michael Wacha,R
wadats01,Tsuyoshi Wada,Tsuyoshi,Wada,N/A,P,32042,Tsuyoshi Wada,L
wadeco01,Cory Wade,Cory,Wade,N/A,P,,,R
wagnebi02,Billy Wagner,Billy,Wagner,N/A,P,3375,Billy Wagner,R
wainwad01,Adam Wainwright,Adam,Wainwright,STL,P,5403,Adam Wainwright,R
waldejo01,Jordan Walden,Jordan,Walden,N/A,P,29323,Jordan Walden,R
waldrky01,Kyle Waldrop,Kyle,Waldrop,N/A,P,,,R
walketa01,Taijuan Walker,Taijuan,Walker,ARI,P,31864,Taijuan Walker,R
walljo02,Josh Wall,Josh,Wall,N/A,P,32039,Josh Wall,R
waltepj01,P.J. Walters,P.J.,Walters,N/A,P,,,R
wangch01,Chien-Ming Wang,Chien-Ming,Wang,N/A,P,,,R
warread01,Adam Warren,Adam,Warren,NYY,P,31101,Adam Warren,R
watsoto01,Tony Watson,Tony,Watson,PIT,P,31513,Tony Watson,L
weaveje02,Jered Weaver,Jered,Weaver,SD,P,6479,Jered Weaver,R
weavelu01,Luke Weaver,Luke,Weaver,STL,P,33770,Luke Weaver,R
webbbr01,Brandon Webb,Brandon,Webb,N/A,P,,,R
webbda01,Daniel Webb,Daniel,Webb,N/A,P,31733,Daniel Webb,R
webbry01,Ryan Webb,Ryan,Webb,MIL,P,30032,Ryan Webb,R
webstal01,Allen Webster,Allen,Webster,N/A,P,31119,Allen Webster,R
weilaky01,Kyle Weiland,Kyle,Weiland,N/A,P,30521,Kyle Weiland,R
wellsra01,Randy Wells,Randy,Wells,N/A,P,,,R
westbja01,Jake Westbrook,Jake,Westbrook,N/A,P,4422,Jake Westbrook,R
wheelza01,Zack Wheeler,Zack,Wheeler,NYM,P,31267,Zack Wheeler,R
whiteal01,Alex White,Alex,White,N/A,P,30446,Alex White,R
whitlch01,Chase Whitley,Chase,Whitley,TB,P,31858,Chase Whitley,R
wielajo01,Joe Wieland,Joe,Wieland,N/A,P,31856,Joe Wieland,R
wilheto01,Tom Wilhelmsen,Tom,Wilhelmsen,ARI,P,31517,Tom Wilhelmsen,R
wilkeaa01,Aaron Wilkerson,Aaron,Wilkerson,MIL,P,,,R
willido01,Dontrelle Willis,Dontrelle,Willis,N/A,P,,,R
willije01,Jerome Williams,Jerome,Williams,N/A,P,5026,Jerome Williams,L
wilsoal01,Alex Wilson,Alex,Wilson,DET,P,31557,Alex Wilson,R
wilsobr01,Brian Wilson,Brian,Wilson,N/A,P,6521,Brian Wilson,R
wilsocj01,C.J. Wilson,C.J.,Wilson,N/A,P,6311,C.J. Wilson,L
wilsoju10,Justin Wilson,Justin,Wilson,DET,P,31026,Justin Wilson,L
wislema01,Matt Wisler,Matt,Wisler,ATL,P,32802,Matt Wisler,R
wolfra01,Randy Wolf,Randy,Wolf,N/A,P,4087,Randy Wolf,L
woodal02,Alex Wood,Alex,Wood,LAD,P,32620,Alex Wood,L
woodke02,Kerry Wood,Kerry,Wood,N/A,P,,,R
woodrbr01,Brandon Woodruff,Brandon,Woodruff,MIL,P,,,R
woodti01,Tim Wood,Tim,Wood,N/A,P,30048,Tim Wood,R
woodtr01,Travis Wood,Travis,Wood,KC,P,30515,Travis Wood,L
workmbr01,Brandon Workman,Brandon,Workman,N/A,P,32973,Brandon Workman,R
worleva01,Vance Worley,Vance,Worley,WAS,P,30943,Vance Worley,R
wrighja01,Jamey Wright,Jamey,Wright,N/A,P,3489,Jamey Wright,R
wrighmi01,Mike Wright,Mike,Wright,BAL,P,32291,Mike Wright,R
wrighst01,Steven Wright,Steven,Wright,BOS,P,32587,Steven Wright,R
wrighwe01,Wesley Wright,Wesley,Wright,N/A,P,28940,Wesley Wright,L
ynoaga01,Gabriel Ynoa,Gabriel,Ynoa,NYM,P,,,R
youngch03,Chris Young (P),Chris,Young (P),KC,P,6073,Chris Young,R
zambrca01,Carlos Zambrano,Carlos,Zambrano,N/A,P,,,R
zieglbr01,Brad Ziegler,Brad,Ziegler,MIA,P,29147,Brad Ziegler,R
zimmejo02,Jordan Zimmermann,Jordan,Zimmermann,DET,P,30209,Jordan Zimmermann,R
zimmeky01,Kyle Zimmer,Kyle,Zimmer,KC,P,32689,Kyle Zimmer,R
zitoba01,Barry Zito,Barry,Zito,N/A,P,4233,Barry Zito,L
zychto01,Tony Zych,Tony,Zych,SEA,P,32182,Tony Zych,R
